record_type,order,sector,industry,2026-07_sell,2026-07_buy,2026-06_sell,2026-06_buy,2026-05_sell,2026-05_buy,2026-04_sell,2026-04_buy,2026-03_sell,2026-03_buy,2026-02_sell,2026-02_buy,2026-01_sell,2026-01_buy,2025-12_sell,2025-12_buy,2025-11_sell,2025-11_buy,2025-10_sell,2025-10_buy,2025-09_sell,2025-09_buy,2025-08_sell,2025-08_buy,2025-07_sell,2025-07_buy,2025-06_sell,2025-06_buy,2025-05_sell,2025-05_buy,2025-04_sell,2025-04_buy,2025-03_sell,2025-03_buy,2025-02_sell,2025-02_buy,2025-01_sell,2025-01_buy,2024-12_sell,2024-12_buy,2024-11_sell,2024-11_buy,2024-10_sell,2024-10_buy,2024-09_sell,2024-09_buy,2024-08_sell,2024-08_buy,2024-07_sell,2024-07_buy,2024-06_sell,2024-06_buy,2024-05_sell,2024-05_buy,2024-04_sell,2024-04_buy,2024-03_sell,2024-03_buy,2024-02_sell,2024-02_buy,2024-01_sell,2024-01_buy,2023-12_sell,2023-12_buy,2023-11_sell,2023-11_buy,2023-10_sell,2023-10_buy,2023-09_sell,2023-09_buy,2023-08_sell,2023-08_buy,2023-07_sell,2023-07_buy,2023-06_sell,2023-06_buy,2023-05_sell,2023-05_buy,2023-04_sell,2023-04_buy,2023-03_sell,2023-03_buy,2023-02_sell,2023-02_buy,2023-01_sell,2023-01_buy,2022-12_sell,2022-12_buy,2022-11_sell,2022-11_buy,2022-10_sell,2022-10_buy,2022-09_sell,2022-09_buy,2022-08_sell,2022-08_buy
total,,,합계,6411708,6411708,11358202,11358202,4344561,4344561,6610604,6610604,5857514,5857514,2271595,2271595,2812937,2812937,2839227,2839227,1635489,1635489,2068299,2068299,2726026,2726026,6834159,6834159,4646511,4646511,3376928,3376928,2428102,2428102,1927802,1927802,1799228,1799228,1159484,1159484,11570467,11570467,29955470,29955470,3771901,3771901,3140245,3140245,1397797,1397797,3708063,3708063,4684210,4684210,5643416,5643416,3384678,3384678,4747423,4747423,4030158,4030158,2016888,2016888,14947711,14947711,17067309,17067309,6218235,6218235,293523,293523,1158385,1158385,7868402,7868402,9620147,9620147,13784027,13784027,4648744,4648744,3801591,3801591,2383009,2383009,1462122,1462122,1008618,1008618,1519663,1519663,740687,740687,219481,219481,586207,586207,885081,885081
allocated_subtotal,,,할당대상업체 소계,3050803,2877038,3001099,3070541,1178934,1960872,1658325,2095104,1325659,1750809,682110,704628,434174,882829,1618265,1343820,616133,690120,393156,837199,469181,472362,3595097,2875145,3443703,3107320,2732244,2724921,2018475,2081307,1238901,1345140,913441,1012786,488455,565876,229117,457000,2191441,1482877,1537488,820257,1075234,959809,405109,326861,1425970,1748554,2761931,2700099,3466709,3620648,2078236,2272797,1660260,2175915,1571300,2184977,1319597,1365266,615170,1014518,978067,962727,809885,649138,137914,166092,23268,332976,1994047,1081905,1604652,1252542,2831363,3052108,1687061,1102056,1482817,920410,1588577,464451,1116125,591595,847001,233880,1297564,921727,653002,415058,143341,83185,225837,339478,334689,655723
industry,1,전환,전기업,430062,1696710,362558,1599126,115000,1236542,94000,1337919,108000,1119561,105500,526209,66000,186650,779738,636641,0,339636,102862,741940,0,302340,562572,1515967,435018,1791387,362331,1584063,330109,1567197,267048,726095,145445,445334,22000,286031,22000,422000,558369,1084767,707976,542000,457600,678000,0,161500,100954,354445,289760,1615669,582877,2342907,776523,2053021,99000,2061741,96100,1804109,363872,779097,55000,691789,150765,654646,187900,120000,0,0,0,1000,246273,127422,51102,577605,174699,2452200,24500,686049,29000,426639,173700,117000,161900,216273,78420,194305,115008,706288,76332,181593,19360,4000,0,303719,283,470650
industry,2,전환,연료용 가스 제조 및 배관공급업,0,3400,0,3400,0,3400,0,16000,0,10700,0,20850,0,8750,0,14800,0,83800,0,0,0,0,0,3555,0,3550,0,3550,0,3500,0,23757,0,2300,0,2300,0,12500,0,21400,0,5800,0,0,0,0,0,5000,0,6777,0,6500,0,6500,0,6400,0,27050,0,9500,0,10500,0,17500,0,11502,0,0,0,10000,0,11300,0,11316,693,15100,0,13385,0,11240,0,13350,0,22000,0,6000,0,23200,0,28100,0,0,0,0,0,0
industry,3,전환,"증기, 냉ㆍ온수 및 공기 조절 공급업",347743,36346,364596,142068,89401,33024,89711,61190,93243,130504,100733,1900,98011,74100,6000,22615,180000,63015,50023,19444,35000,0,308572,216784,424201,232862,150958,315627,244782,178024,62720,189274,70796,160868,13594,49500,72765,10000,725910,152500,215291,104400,44000,134500,2500,70000,79757,19900,204341,32644,219558,50981,183029,22800,132975,23200,462160,139413,46000,27646,23000,142926,278000,129060,105034,155106,43857,18800,0,101136,115060,244622,228229,11941,112221,37624,213151,4300,524191,21418,32676,11700,75000,9227,123500,3900,58550,41730,32500,27015,0,56135,10000,0,91655,42400
industry,4,산업,석탄 광업,0,0,12500,0,0,0,0,0,0,0,0,0,0,0,0,0,0,0,0,0,0,0,66000,0,0,0,7500,0,0,0,0,0,0,0,0,0,0,0,0,0,0,0,0,0,0,0,0,0,0,0,46200,0,0,0,0,0,0,0,0,0,0,0,0,0,0,0,0,0,0,0,9006,0,15000,0,5000,0,7000,0,1272,0,0,0,0,0,0,0,4564,0,0,0,0,0,0,0,0,0
industry,5,산업,토사석 광업,311,0,0,0,0,0,0,0,0,0,0,0,0,0,0,0,0,0,0,0,0,0,0,0,578,0,0,0,0,0,0,0,0,0,0,0,0,0,0,0,0,0,0,0,0,0,0,0,0,0,6828,0,0,0,0,0,0,0,0,0,0,0,0,0,0,0,0,0,0,0,0,0,1885,0,0,0,0,0,0,0,0,0,0,0,0,0,0,0,0,0,0,0,0,0,0,0
industry,6,산업,"도축, 육류 가공 및 저장 처리업",0,0,0,10623,0,0,0,0,0,0,0,0,0,0,0,0,0,0,0,0,0,0,0,1,0,17512,0,0,0,0,0,0,0,0,0,0,0,0,0,0,0,0,0,0,0,0,0,12836,0,0,0,0,0,0,0,0,0,0,0,0,0,0,0,0,0,0,0,0,0,0,600,11011,0,0,0,0,0,0,0,0,0,0,0,0,0,0,0,0,0,0,0,0,0,0,0,0
industry,7,산업,동물성 및 식물성 유지 제조업,0,0,0,0,0,0,0,0,0,0,0,0,0,0,0,0,0,0,0,0,0,0,0,0,0,0,0,0,0,0,0,0,0,0,0,0,0,0,0,0,0,0,0,0,0,0,0,0,0,0,0,0,0,0,0,0,0,0,0,0,0,0,0,0,0,0,0,0,0,0,0,0,0,0,0,0,0,0,0,0,0,0,0,0,0,0,0,0,0,0,0,0,0,0,0,0
industry,8,산업,낙농제품 및 식용 빙과류 제조업,0,0,16897,0,0,0,0,0,0,18000,0,8000,0,0,0,0,0,0,0,0,0,0,2758,0,0,0,0,4252,0,5000,0,0,0,0,0,0,0,0,0,0,0,0,0,0,0,0,0,6114,3774,0,0,0,0,0,0,0,0,0,0,0,0,0,0,0,0,0,0,0,0,3000,0,0,380,0,300,3267,228,0,3640,5000,0,10000,0,0,0,0,0,0,0,0,0,0,0,0,0,0
industry,9,산업,"곡물 가공품, 전분 및 전분제품 제조업",13470,0,0,0,0,0,15000,0,0,0,0,0,0,0,0,0,0,0,0,0,0,0,37984,0,11298,0,0,0,17000,0,0,0,0,0,0,0,0,0,0,0,0,0,0,0,0,0,43732,0,0,0,0,0,39334,0,0,0,0,0,0,0,0,0,0,0,0,0,0,0,0,0,215,0,3752,0,33807,0,18000,0,0,0,0,0,0,0,0,0,0,0,0,0,0,0,0,0,0,0
industry,10,산업,기타 식품 제조업,0,20288,0,19373,0,17710,0,5500,0,0,0,0,0,0,0,0,0,0,0,0,0,0,2572,12306,0,29256,1870,19098,0,15450,0,14600,0,0,0,0,0,0,0,20139,0,0,0,0,0,0,27,38137,9563,12414,0,11934,0,0,0,2000,0,7044,0,0,0,0,0,0,0,0,0,0,0,0,1912,35937,1483,14685,4460,15084,3069,1400,0,8308,0,0,0,0,0,0,0,0,0,0,0,0,0,0,0,0
industry,11,산업,알코올 음료 제조업,0,0,6315,0,0,0,0,0,0,9595,5000,0,5000,0,0,0,0,0,0,0,0,0,0,0,31664,0,666,0,3000,0,0,0,0,0,0,0,0,0,0,0,0,0,0,0,0,0,7986,0,20611,0,0,0,0,0,0,0,0,0,0,0,0,0,0,0,0,0,0,0,0,0,12881,0,0,0,17468,0,1000,0,2000,0,0,0,0,0,0,0,9900,0,0,0,0,0,0,0,0,0
industry,12,산업,비알코올 음료 및 얼음 제조업,0,0,0,0,0,5000,0,0,0,0,0,0,0,0,0,7300,0,0,0,0,0,0,0,3568,0,5533,0,0,0,0,0,0,0,0,0,0,0,0,0,0,0,0,0,0,0,0,0,3438,0,0,0,0,0,0,0,0,0,0,0,0,0,0,0,0,0,0,0,3000,0,6800,0,7537,0,3387,0,2500,0,0,0,0,0,0,0,0,0,0,0,3500,0,0,0,0,0,0,0,0
industry,13,산업,담배 제조업,0,0,0,0,0,0,0,0,0,0,0,0,0,0,0,0,0,0,0,0,0,0,0,544,0,0,0,0,0,0,0,0,0,0,0,0,0,0,0,0,0,0,0,0,0,0,0,4185,0,0,0,0,0,0,0,0,0,0,0,0,0,0,0,0,0,0,0,0,0,0,0,4909,0,0,0,0,0,0,0,0,0,0,0,0,0,0,0,0,0,0,0,0,0,0,0,0
industry,14,산업,방적 및 가공사 제조업,0,0,0,0,0,0,0,0,20,0,4500,0,1000,0,0,0,0,0,0,0,0,0,0,0,0,0,0,0,0,0,0,0,4520,0,0,0,0,0,0,0,0,0,0,0,0,0,0,0,0,0,0,0,3200,0,3017,0,0,0,0,0,0,0,0,0,0,0,0,0,0,0,0,0,0,0,1740,0,0,0,0,0,5000,0,0,0,0,0,0,0,0,0,1000,0,0,0,0,0
industry,15,산업,"섬유제품 염색, 정리 및 마무리 가공업",0,0,0,0,0,0,0,0,0,0,0,0,0,0,0,0,0,0,0,0,0,0,0,1101,0,0,0,3823,0,0,0,0,0,0,0,0,0,0,0,0,0,0,0,0,0,0,0,2343,0,0,0,0,0,0,508,0,0,0,0,0,0,0,0,0,0,0,0,0,0,0,0,0,46,0,500,3205,0,0,0,500,0,0,0,0,0,0,0,0,0,0,0,0,0,0,0,4489
industry,16,산업,기타 섬유제품 제조업,0,0,1120,0,0,0,0,0,0,0,0,0,0,0,0,0,0,0,0,0,0,0,0,0,0,0,1370,0,0,0,0,0,0,0,0,0,0,0,0,0,0,0,0,0,0,0,0,0,0,0,2190,0,0,0,0,0,0,0,0,0,0,0,0,0,0,0,0,0,0,0,0,0,0,0,3,0,0,0,3500,0,0,0,0,0,0,0,0,0,0,0,0,0,0,0,0,0
industry,17,산업,나무제품 제조업,10454,0,6547,0,8000,0,42000,0,20000,0,400,0,0,0,0,0,0,0,0,0,0,0,1605,3115,8600,100,0,0,0,0,19000,0,3150,0,0,0,0,0,0,0,0,0,0,0,0,0,64947,7041,5430,0,940,0,0,0,0,0,0,0,0,0,24010,0,0,0,0,0,0,0,0,0,62285,19079,24083,0,5300,5866,0,0,0,0,0,0,0,0,0,0,0,0,0,0,0,0,0,0,0,0
industry,18,산업,"펄프, 종이 및 판지 제조업",65098,18040,64825,7000,67370,0,24380,0,26180,0,24380,0,24380,0,0,0,0,0,0,0,20000,0,148229,2087,142792,16258,44183,3994,35000,0,0,0,4300,0,32000,0,0,0,0,0,0,0,0,0,70000,0,59927,19913,154185,21066,77976,0,86200,0,25000,0,62203,0,18161,0,76912,0,0,0,50000,0,0,0,0,0,64952,4550,205433,725,182305,5544,8000,0,55871,0,35000,5000,0,8100,0,7000,0,0,24000,0,0,0,38000,0,7234,0
industry,19,산업,석유 정제품 제조업,37886,0,152666,0,33632,0,10410,0,20500,0,19000,0,0,0,0,0,0,0,0,0,0,0,148970,0,323005,0,152978,0,42000,0,15000,0,27050,0,0,0,0,0,0,0,0,0,0,0,0,0,10271,0,0,399777,8092,640223,5940,0,161200,0,23000,0,208000,335203,91560,0,0,0,0,0,0,0,0,0,137808,0,57187,0,19574,0,42151,0,64000,0,111612,0,49324,0,0,0,9500,0,55210,0,1000,0,7000,0,66068,65979
industry,20,산업,기초 화학물질 제조업,311898,273414,531893,160736,296493,121162,690191,17000,117664,18156,92599,3329,133941,240,55500,13558,60000,3060,0,22880,20000,59257,356699,45781,372850,15443,371860,287,128140,56404,203326,3625,137212,5700,122513,800,51531,0,100986,1000,209545,35000,5671,0,86932,0,167517,23424,449462,29128,301013,1200,278618,0,336952,3329,576438,800,247801,88700,62200,0,1,49784,54316,0,3114,0,0,20000,180937,8257,111036,33645,476514,12890,487891,54000,32807,55169,158500,12457,146600,1000,205880,4000,543590,0,213559,1000,89961,1000,56400,11430,24608,7244
industry,21,산업,합성고무 및 플라스틱 물질 제조업,51413,261986,13981,315409,0,53000,1000,11900,1000,10000,3000,1050,3000,0,6000,0,0,0,3000,0,485,0,43075,7993,21400,34046,64223,581,0,1550,0,18000,225,0,225,2950,676,0,676,0,676,0,676,0,676,0,19257,23793,33264,0,23340,55,50732,0,10732,0,663,0,720,2200,957,0,957,0,957,0,957,0,0,0,20779,10670,12965,0,48064,10731,13486,0,5064,30351,0,4000,0,1000,11000,0,31000,0,0,0,0,5800,0,10500,1797,2210
industry,22,산업,"비료, 농약 및 살균ㆍ살충제 제조업",0,0,0,125,0,0,0,0,0,3700,0,0,0,0,0,0,0,0,0,0,0,0,323,3118,0,0,0,0,0,0,0,0,0,0,0,0,0,0,15000,0,4000,0,4000,0,0,0,0,0,0,0,0,0,0,0,0,0,0,8000,0,0,0,0,133000,0,130238,0,0,0,0,0,0,0,0,0,25400,0,0,0,0,0,45500,5100,93380,0,0,0,20460,0,0,0,0,0,26401,0,10000,0
industry,23,산업,기타 화학제품 제조업,0,10192,0,730,0,1930,0,26000,0,0,0,0,0,0,0,0,0,0,0,0,0,0,0,20674,628,10749,0,0,0,2767,0,0,0,0,0,0,0,0,0,0,0,0,0,0,0,0,3282,11274,0,6445,560,947,0,0,0,0,0,0,0,0,0,0,0,0,0,0,0,0,0,0,1752,0,2191,2786,0,5122,0,0,0,9500,0,8750,0,0,0,0,0,2000,0,0,0,0,0,0,0,0
industry,24,산업,화학섬유 제조업,0,0,64663,0,3524,0,4000,0,0,22000,0,0,0,0,0,0,0,0,21000,0,0,0,576,0,0,0,43285,0,2638,0,0,0,0,0,0,0,0,0,0,0,0,0,0,0,29000,0,419,0,2971,726,59267,0,0,0,10000,0,100000,0,0,0,0,0,0,0,0,0,0,0,0,0,32187,0,12258,2983,5065,0,0,0,87100,0,65000,0,0,0,0,0,0,0,4000,0,0,0,0,0,0,0
industry,25,산업,기초 의약 물질 및 생물학적 제제 제조업,0,0,1848,0,0,0,0,0,0,0,0,0,0,0,0,0,0,0,0,0,0,0,2322,25000,0,4438,1357,0,0,0,0,0,0,0,0,0,0,0,0,0,0,0,0,0,0,0,0,18155,2273,0,0,0,0,0,0,0,0,0,0,0,0,0,0,0,0,0,0,0,0,0,0,4282,2641,2060,0,1448,0,0,0,0,0,5050,0,0,0,0,0,0,0,0,0,0,0,0,0,0
industry,26,산업,의약품 제조업,7884,0,0,0,0,0,0,0,0,0,0,0,0,0,0,0,0,0,0,0,0,0,4355,8326,0,8214,0,0,0,0,0,0,0,0,0,0,0,0,0,0,0,0,0,0,0,0,213,2508,0,4322,0,0,0,0,0,0,0,0,0,0,0,0,0,0,0,0,0,0,0,0,966,0,0,0,0,6848,0,0,0,2897,0,0,0,0,0,0,0,0,0,0,0,0,0,0,0,0
industry,27,산업,고무제품 제조업,18969,14184,3800,10000,8500,0,7000,5000,4500,0,16562,0,0,0,0,0,0,0,0,0,0,0,0,26143,400,9439,2013,0,12300,0,8400,0,0,0,0,0,0,0,0,0,0,0,0,0,0,0,928,22309,4000,0,8500,0,5200,0,5700,0,0,0,0,0,0,0,0,0,0,0,0,0,500,8833,3400,0,4554,1200,4326,273,0,0,2000,0,0,0,0,0,2000,0,5000,0,0,0,0,0,0,0,10,0
industry,28,산업,플라스틱 제품 제조업,3260,15264,0,3696,0,0,0,0,10876,0,0,0,0,0,0,0,3000,0,6271,0,0,0,1439,30928,5180,4308,6562,7425,340,0,8800,2000,200,0,2500,0,0,0,0,0,0,0,2000,0,2000,0,8987,11142,4411,3661,4550,0,3000,0,7000,0,1900,0,0,0,0,0,900,0,1500,0,1100,0,1766,0,4274,23957,299,6310,1100,8473,5600,0,0,0,14020,0,0,0,0,0,0,0,0,0,0,0,0,0,0,0
industry,29,산업,유리 및 유리제품 제조업,66587,730,37840,624,0,480,0,0,12200,0,0,0,0,0,231900,0,114230,0,100000,0,0,0,39351,5884,65893,0,221694,22350,230616,0,5000,0,130446,0,0,3374,0,0,0,0,0,0,0,0,0,0,2770,21219,105760,0,164750,2243,101153,0,0,3000,13000,0,0,0,0,0,200000,9770,0,13999,0,6000,0,0,4972,576,35730,0,1001536,15837,147889,99,25151,10251,126400,7955,8000,2500,0,0,0,1400,0,0,0,0,10000,0,0,0
industry,30,산업,"내화, 비내화 요업제품 제조업",2930,0,1811,1007,0,0,0,0,25640,0,0,0,0,0,0,0,0,0,0,0,0,0,12166,5981,37480,10027,0,0,0,0,0,0,0,0,0,0,0,0,0,0,0,0,0,0,0,0,40781,7576,0,0,8696,0,0,0,0,0,0,0,0,0,0,0,0,0,0,0,0,0,0,0,15761,8343,8400,8400,7217,0,0,0,0,0,0,0,0,0,0,0,0,0,0,0,0,0,0,0,1471,0
industry,31,산업,"시멘트, 석회, 플라스터 및 그 외 제품 제조업",408362,54540,253201,7774,336783,0,156328,9961,123823,90000,133800,78638,67392,50000,193000,0,219503,0,0,0,0,0,359792,88793,338063,7564,191954,0,180483,2600,201058,0,120178,390,109491,10812,69845,0,636999,0,213000,0,506223,50000,90001,50000,276666,80705,195118,0,716429,90000,208647,0,394131,0,110000,0,102252,56000,20000,9000,0,35000,0,174000,0,0,0,26000,189823,15632,268993,357,124835,20000,277263,0,60855,160317,102600,105000,33000,135000,1000,0,181426,0,170573,0,9000,0,23300,0,24691,0
industry,32,산업,기타 비금속 광물제품 제조업,2384,0,0,3786,0,0,0,0,0,0,0,0,0,0,0,0,0,0,0,0,0,0,471,400,0,1586,0,0,0,0,0,0,0,0,0,0,0,0,0,0,0,0,0,0,0,0,0,5853,91,0,0,0,0,0,0,0,0,0,0,0,0,0,0,0,0,0,0,0,0,0,2345,0,0,0,0,0,0,0,0,0,0,0,0,0,0,0,0,2000,0,0,0,0,0,0,0,0
industry,33,산업,1차 철강 제조업,315898,53607,728817,5402,76549,24500,436980,0,652924,0,82446,0,25354,350000,9308,435700,3000,87000,0,0,0,0,257356,14785,388627,5506,255602,9638,551300,0,365712,79299,248919,19724,58500,1754,0,1500,16000,0,45000,0,0,0,0,0,166445,0,451784,6633,235055,85207,92506,17000,76263,16071,15000,10159,0,0,220000,5572,97000,0,110000,0,47250,0,0,0,216577,1400,108757,15939,154714,6877,291347,4087,466270,5287,510001,4057,402605,19233,321921,2175,191900,1320,56728,50880,21910,0,35636,0,0,0
industry,34,산업,1차 비철금속 제조업,118042,0,69622,880,45003,18321,53629,0,41766,0,400,0,600,0,2100,0,600,0,1400,0,0,0,14868,12839,48571,2000,592565,2775,127035,2020,34284,0,0,3311,49200,0,0,0,0,3200,0,0,1000,0,25000,0,16362,8069,124223,500,58890,111,57100,0,43085,0,24200,0,2000,0,2500,7000,1000,2000,1000,0,0,2000,0,11271,8990,7233,153834,1274,58849,3210,38985,0,3030,0,52850,5732,71600,0,45400,1300,0,0,10000,1490,0,0,1500,0,0,0
industry,35,산업,금속 주조업,0,0,153,561,0,0,2740,0,0,0,0,0,0,0,0,0,0,0,0,0,0,0,6059,2732,2202,0,3981,3854,0,0,0,0,0,0,0,0,0,0,0,0,0,0,0,0,0,0,7301,15625,2512,0,3000,0,5500,0,0,7115,0,0,0,0,0,0,0,0,0,0,0,0,0,0,11624,10153,0,3000,2138,7000,0,0,0,0,0,0,0,11424,0,0,21000,0,0,0,0,0,0,0,0,0
industry,36,산업,"구조용 금속제품, 탱크 및 증기발생기 제조업",0,0,0,0,0,0,2419,0,2000,0,0,0,0,0,0,0,0,0,0,0,0,0,0,0,0,0,3600,0,0,0,0,0,0,0,0,0,0,0,0,0,0,0,0,0,0,0,32,0,0,0,0,0,0,0,0,0,4000,0,14100,0,0,0,0,0,0,0,0,0,0,0,0,0,0,0,16115,0,0,0,0,0,0,0,0,0,0,0,0,0,0,0,0,0,0,0,0,0
industry,37,산업,기타 금속 가공제품 제조업,4303,0,0,3192,0,0,0,0,0,0,0,0,0,0,0,0,0,0,0,0,0,0,2127,13729,2636,11223,0,2698,0,0,0,0,0,0,0,0,0,0,0,0,0,0,0,0,0,0,2553,12517,3513,0,0,21634,0,0,0,0,0,0,10000,0,2000,2731,3000,0,1,0,7000,0,0,0,8880,20331,0,884,0,0,0,0,0,0,0,7900,0,0,0,0,0,0,0,0,0,0,0,0,0,0
industry,38,산업,반도체 제조업,491653,0,184869,31480,10000,229931,10000,30071,0,18650,0,0,0,0,0,621,0,18195,0,0,0,0,564024,18501,220670,53522,15261,125983,0,0,0,12000,0,16047,64032,0,0,0,0,6573,0,10000,0,10000,0,10000,33550,285322,170955,25433,96100,15913,0,0,0,0,65000,5000,21344,0,0,0,30000,5000,0,38770,0,5000,0,0,17860,51369,5592,227051,9198,22237,37000,52550,0,0,0,0,0,18191,0,0,30000,23902,0,14301,0,10000,0,0,40616,2910
industry,39,산업,전자 부품 제조업,2783,43288,13537,4466,0,0,0,0,0,0,0,0,0,0,0,0,0,0,0,0,0,0,22906,35160,255148,4477,82671,422,20000,0,0,0,15000,0,0,0,10000,0,105001,0,0,0,0,0,0,0,48720,0,0,7312,253961,10463,102528,0,252803,0,6000,0,0,0,0,0,0,0,0,0,0,0,0,0,22983,2625,4590,2625,87818,611,2000,0,48000,5448,20324,0,13000,0,10100,0,14200,0,0,0,0,0,0,0,0,0
industry,40,산업,사진장비 및 광학 기기 제조업,10500,0,0,0,0,0,0,0,0,0,0,0,0,0,6000,0,6000,0,5000,0,5000,0,0,0,0,0,208,0,12000,0,22893,0,0,0,0,0,0,0,0,0,0,0,0,0,0,0,0,0,0,0,0,0,7000,0,79000,0,0,0,0,0,17000,0,0,0,0,0,0,0,0,0,0,0,0,0,0,0,0,0,0,0,0,0,0,0,36380,0,43620,0,0,0,0,0,0,0,0,0
industry,41,산업,"전동기, 발전기 및 전기 변환ㆍ공급ㆍ제어 장치 제조업",0,0,1320,0,0,0,0,0,0,0,0,0,0,0,0,0,0,0,0,0,0,0,0,11600,0,0,1740,0,0,0,0,0,0,0,0,0,0,0,0,0,0,0,0,0,0,0,0,0,0,0,3010,0,0,0,0,0,0,0,0,0,0,0,0,0,0,0,0,0,0,0,1233,0,0,0,60,0,0,0,2800,0,0,0,0,0,0,0,0,0,0,0,0,0,0,0,0,0
industry,42,산업,일차전지 및 축전지 제조업,49771,1870,471,1010,3290,0,3290,0,3290,75900,3290,0,0,0,250000,0,0,0,0,0,200000,0,14422,3443,16325,2646,10700,0,14649,0,2500,0,5000,0,0,0,0,0,0,0,0,0,0,0,0,0,14337,0,41350,6789,21071,0,2000,0,1500,0,1500,0,3600,0,3500,0,5590,0,3500,0,0,8789,0,700,16053,22900,10368,0,15977,0,2000,0,5209,0,0,0,10754,0,0,0,0,0,0,0,0,0,0,0,134,0
industry,43,산업,절연선 및 케이블 제조업,4973,4156,0,0,0,0,0,0,0,0,0,0,0,0,0,0,0,0,0,338,0,0,11602,4525,0,5864,0,4593,0,0,0,0,0,0,0,0,0,0,0,0,0,0,0,0,0,0,12610,5059,0,4468,0,5463,0,0,0,0,0,0,0,0,0,0,0,0,0,0,0,0,0,0,0,312,211,0,0,5976,0,0,0,0,10655,0,0,0,0,0,0,0,0,0,0,0,0,0,0,0
industry,44,산업,일반 목적용 기계 제조업,9462,0,0,0,0,0,0,0,0,0,0,0,0,0,0,0,0,0,0,0,0,0,1482,0,0,0,4707,15826,0,0,0,0,0,0,0,0,0,0,0,0,0,0,0,0,0,0,0,0,1549,0,0,13589,0,0,0,0,0,0,0,0,0,0,0,0,0,0,0,0,0,0,1529,0,2980,0,0,0,0,0,0,0,0,0,0,0,0,0,0,0,0,0,0,0,0,0,0,0
industry,45,산업,특수 목적용 기계 제조업,0,0,0,0,0,0,0,0,0,0,0,0,0,0,0,0,0,0,0,0,0,0,0,9232,2496,0,0,0,0,0,0,0,0,0,0,0,0,0,0,0,0,0,0,0,0,0,0,9026,1304,0,0,0,0,0,0,0,0,0,0,0,0,0,0,0,0,0,0,0,0,0,0,7340,0,1830,0,0,0,0,0,0,0,0,0,0,0,0,0,0,0,0,0,0,0,0,0,0
industry,46,산업,자동차용 엔진 및 자동차 제조업,7152,0,437,0,0,0,0,2772,0,0,0,0,0,0,0,0,0,0,0,0,0,0,16200,30000,7793,0,29898,735,0,0,0,0,0,0,0,0,0,0,0,0,0,0,0,0,0,0,14100,0,12177,0,28239,0,8000,0,780,0,0,0,0,0,0,0,0,0,18470,0,6020,0,0,0,59060,0,2057,12341,0,0,900,0,0,0,0,0,0,0,0,0,0,0,0,0,0,0,0,0,0,0
industry,47,산업,자동차 신품 부품 제조업,0,17651,7565,24033,1515,3962,100,130040,5822,4514,0,4462,0,914,0,1468,0,0,0,0,105596,0,10160,111553,16520,31795,0,11277,3746,12080,370,9786,0,0,0,0,0,0,0,5125,0,0,6605,0,91000,0,9752,107116,11497,46593,111544,18904,16595,16395,0,1000,0,0,0,0,13531,0,0,0,0,0,0,0,0,0,36809,43726,8191,19622,13817,37122,0,0,10320,13997,15269,3000,2455,0,0,0,0,0,0,0,0,0,0,0,0,0
industry,48,산업,선박 및 보트 건조업,28595,30000,792,170731,0,29960,0,114969,0,0,0,0,0,0,0,68311,0,0,0,0,0,50765,17051,59075,20554,100233,0,48361,0,0,0,13477,0,93600,0,0,0,0,0,0,0,0,0,0,0,0,463,18805,27540,27500,48339,31500,0,13500,0,0,0,0,0,0,0,0,0,0,0,0,0,0,0,0,54876,0,17310,0,87918,13,4300,0,5400,2130,4800,11000,0,7001,0,0,0,0,0,0,0,0,0,0,143,0
industry,49,산업,"항공기, 우주선 및 부품 제조업",0,0,0,3011,0,0,0,0,0,16290,0,0,0,0,0,0,0,0,0,0,0,0,0,0,0,2395,0,0,0,0,0,0,0,0,0,0,0,0,0,0,0,0,0,0,0,0,0,0,0,0,0,0,0,0,0,0,0,0,0,0,0,0,0,0,0,0,0,0,0,0,0,0,1217,0,0,0,0,0,0,0,0,0,0,0,0,0,0,0,0,0,0,0,0,0,0,0
industry,50,산업,건물 건설업,0,0,0,0,0,0,0,0,0,0,0,0,0,0,0,0,0,0,0,0,0,0,0,0,0,0,8969,0,0,0,0,0,0,0,0,0,0,0,0,0,0,0,0,0,0,0,0,0,0,0,12517,0,0,0,0,0,0,0,0,0,0,0,0,0,0,0,0,0,0,0,0,0,0,0,16354,0,0,0,0,0,0,0,0,0,0,0,0,0,0,0,0,0,0,0,0,0
industry,51,산업,전기 통신업,80781,6997,0,39179,0,5000,0,0,0,0,0,0,0,0,0,0,0,0,0,0,0,0,0,0,103989,21611,50750,0,0,0,0,0,0,0,0,0,0,0,0,0,0,0,0,0,0,0,0,0,70789,14523,96050,0,0,0,0,0,0,0,0,0,0,0,0,0,0,0,0,0,0,0,1848,1848,94946,0,45658,0,0,0,0,0,0,3000,0,0,0,4000,0,0,0,0,0,0,0,0,0,0
industry,52,산업,"컴퓨터 프로그래밍, 시스템 통합 및 관리업",0,0,0,41301,0,0,0,0,0,0,0,0,0,0,0,18735,0,0,0,0,0,0,0,22085,0,24605,0,6000,0,0,0,0,0,3000,0,0,0,0,0,30430,0,0,0,0,0,0,0,6900,0,50476,0,0,0,0,0,0,0,0,0,10420,0,0,0,0,0,0,0,0,0,0,0,12902,9988,21661,0,0,0,0,0,5170,0,10000,0,0,0,0,0,21290,0,0,0,0,0,0,0,0
industry,53,산업,"자료 처리, 호스팅, 포털 및 기타 인터넷 정보 매개 서비스업",0,0,0,0,0,0,0,0,0,0,0,0,0,0,0,0,0,0,0,0,0,0,11418,0,0,0,0,0,0,11222,0,14143,0,0,0,0,0,0,0,0,0,0,0,0,0,0,0,6822,0,1108,0,0,0,0,0,0,0,0,0,0,0,0,0,0,0,0,0,0,0,1500,176,6930,0,11200,0,0,0,0,0,0,0,0,0,0,0,0,0,0,0,0,0,0,0,0,0,0
industry,54,산업,무기 및 총포탄 제조업,0,0,0,0,0,0,0,0,0,0,0,0,0,0,0,0,0,0,0,0,0,0,0,0,0,16691,0,0,0,0,0,0,0,0,0,0,0,0,0,0,0,0,0,0,0,0,0,0,0,0,0,0,0,0,0,0,0,0,0,12500,0,0,0,0,0,0,0,0,0,0,0,0,0,2398,0,0,0,0,0,0,0,0,0,0,0,0,0,0,0,0,0,0,0,0,0,0
industry,55,산업,컴퓨터 및 주변 장치 제조업,0,0,0,0,0,0,0,0,0,0,0,0,0,0,0,0,0,0,0,0,0,0,0,0,0,0,0,0,0,0,0,0,0,0,0,0,0,0,0,0,0,0,0,0,0,0,0,0,0,0,0,0,0,0,0,0,0,0,0,0,0,0,0,0,0,0,0,0,0,0,0,0,0,0,0,0,0,0,0,0,0,0,0,0,0,0,0,0,0,0,0,0,0,0,0,0
industry,56,건물,종합 소매업,14060,0,0,33500,0,0,0,0,0,0,0,0,0,10000,0,0,0,0,0,0,0,0,20652,26491,0,0,0,0,0,0,0,0,0,0,0,0,0,0,0,0,0,0,0,0,0,0,14915,3600,6268,1450,7500,0,2470,0,0,0,0,0,0,0,0,0,0,0,0,0,0,0,0,0,25785,0,0,25071,1800,0,4450,0,0,0,0,0,0,0,0,0,0,0,0,0,0,0,0,0,11465,0
industry,57,건물,기타 운송관련 서비스업,0,508,8520,11854,0,6899,0,42355,0,6047,0,2880,0,0,0,4850,0,31800,0,4800,0,0,0,0,0,0,1407,28302,0,4764,0,0,0,4683,0,0,0,0,0,18000,0,0,0,0,0,0,0,110,4204,0,0,3568,2803,4590,0,0,0,4730,0,0,0,0,0,10000,0,0,0,0,0,0,9609,4000,0,0,0,4211,10000,7468,0,4000,0,8000,0,0,0,0,0,2200,0,2900,0,2300,0,0,0,0
industry,58,건물,일반 및 생활 숙박시설 운영업,0,7440,0,166,0,2668,0,7750,0,0,0,5400,0,0,0,0,0,0,0,0,0,0,0,7704,0,4843,0,1504,0,0,0,28000,0,0,0,6000,0,0,0,0,0,0,0,0,0,0,0,22031,1259,0,0,1125,0,1500,0,5250,0,0,0,0,0,0,0,6200,0,0,0,0,0,0,4296,32850,0,0,0,369,0,0,0,3011,0,0,0,0,0,0,0,5000,0,0,0,0,0,0,0,0
industry,59,건물,부동산 임대 및 공급업,500,1030,4306,0,0,0,1941,0,0,0,0,0,0,0,0,0,0,0,0,0,0,0,848,9491,0,7290,0,0,0,0,0,0,0,0,0,0,0,0,0,0,0,0,0,0,0,0,1790,171,31,2236,0,3479,0,0,0,0,0,0,0,0,0,0,0,0,0,0,0,0,0,0,2700,0,0,3532,0,0,0,0,186,0,0,0,0,0,0,0,0,0,0,0,0,0,0,0,0,0
industry,60,건물,고등 교육기관,0,38470,0,22286,0,8000,0,2000,0,30000,0,0,0,0,0,0,0,0,0,0,0,30000,41,44979,0,38353,0,4593,0,0,0,0,0,0,0,0,0,0,0,12050,0,20000,0,0,0,0,390,27686,644,23452,0,0,0,0,0,0,0,0,0,0,0,0,0,0,0,0,0,0,0,0,1052,22037,289,8031,4227,8103,0,1200,0,0,1500,0,0,0,0,0,0,0,0,0,0,0,0,0,1273,0
industry,61,건물,병원,0,0,0,8358,0,0,0,0,0,0,0,0,0,0,0,0,0,0,0,0,0,0,0,10708,0,8069,0,3765,0,0,0,3710,0,5000,0,0,0,0,0,0,0,0,0,0,0,0,156,10179,0,6107,17,0,0,0,194,0,0,9500,0,0,0,0,0,0,0,0,0,0,0,0,829,2842,0,9518,0,3816,0,0,0,3000,0,0,0,0,0,0,0,0,0,0,0,0,0,0,1421,0
industry,62,건물,유원지 및 기타 오락관련 서비스업,0,0,0,0,0,0,0,0,0,0,0,0,0,0,0,0,0,0,0,0,0,0,0,0,0,0,0,0,0,0,0,0,0,0,0,0,0,0,0,0,0,0,0,3510,0,9700,0,7000,0,0,0,0,0,0,0,0,0,0,0,0,0,0,0,0,0,0,0,0,0,0,1880,1810,0,0,0,0,0,0,0,0,0,0,0,0,0,0,0,0,0,0,0,0,0,0,0,0
industry,63,건물,자연과학 및 공학 연구개발업,0,0,0,0,0,0,0,0,0,0,0,0,0,0,0,0,0,0,0,0,0,0,0,0,0,0,0,0,0,0,0,0,0,0,0,0,0,0,0,0,0,0,0,0,0,0,0,0,0,0,0,0,0,0,0,0,0,0,0,0,0,0,0,0,0,0,0,0,0,0,0,0,0,0,0,0,0,0,0,0,0,0,0,0,0,0,0,0,0,0,0,0,0,0,0,0
industry,64,건물,보관 및 창고업,0,0,0,45623,0,0,0,0,0,0,0,0,0,0,0,0,0,0,0,0,0,0,0,0,0,0,0,0,0,0,0,0,0,0,0,0,0,0,0,0,0,0,0,0,0,0,0,0,0,0,0,0,0,0,0,0,0,0,0,0,0,0,0,0,0,0,0,0,0,0,0,0,0,0,0,0,0,0,0,0,0,0,0,0,0,0,0,0,0,0,0,0,0,0,0,0
industry,65,수송,철도 운송업,7320,0,4000,0,0,0,0,0,0,0,0,0,0,0,0,0,0,0,0,0,0,0,222465,0,0,0,15000,0,0,0,0,0,0,0,0,0,0,0,0,0,0,0,0,0,0,0,0,0,124139,0,160000,0,0,0,0,0,0,0,0,0,0,0,0,0,0,0,0,0,0,0,125891,0,0,0,5000,0,0,0,10000,0,57710,0,34000,0,0,0,0,0,0,0,0,0,10600,0,46500,0
industry,66,수송,육상 여객 운송업,61816,6246,36265,15219,79874,32759,9587,18523,24568,6000,11000,0,3496,0,75719,0,29800,0,103600,0,83100,0,85930,4601,68863,7000,29197,10622,63337,0,17819,19711,1000,25500,6000,12000,2300,0,32500,0,126600,0,21459,0,8000,0,70077,46042,105424,0,72252,0,21839,0,11080,8688,500,30000,278547,0,3000,0,67000,0,146968,0,28616,0,21002,0,155248,882,96441,0,31152,0,33884,0,9740,0,8500,0,0,0,0,0,13646,0,9900,0,0,0,0,0,62,2263
industry,67,수송,도로 화물 운송업,3058,0,168,3328,0,10319,0,2500,843,0,5000,0,0,0,0,0,0,0,0,0,0,0,17010,4442,1214,0,0,5145,0,6194,0,1694,0,0,5000,0,0,0,0,0,0,0,3000,0,0,0,1,4430,15235,0,8722,1585,1357,6190,1000,4831,5000,0,0,0,0,0,0,0,0,0,0,0,0,1000,7609,3061,2533,10432,3334,2936,0,6833,0,4614,1000,0,4500,9312,0,0,0,4072,0,0,0,0,0,0,0,0
industry,68,수송,해상 운송업,4181,0,2746,0,0,0,0,0,0,0,0,0,0,0,0,0,0,0,0,0,0,0,3536,1116,0,0,0,0,0,2838,0,0,0,0,0,0,0,0,0,0,0,0,0,0,0,0,5233,6269,0,0,0,0,0,0,0,0,4636,0,0,0,0,0,10854,0,0,0,0,0,0,0,10097,0,0,0,0,0,0,0,0,0,0,0,0,0,0,0,0,0,0,0,1110,0,0,0,0,0
industry,69,수송,항공 여객 운송업,6083,20770,0,11600,0,0,0,0,0,0,70000,0,0,0,0,0,0,0,0,0,0,0,99934,14336,0,22336,0,0,0,0,0,0,0,0,0,0,0,0,0,0,15000,0,0,0,0,0,36096,21130,49424,16608,2305,0,576,0,0,0,0,0,0,0,0,0,0,0,0,0,0,0,0,0,3030,62617,19032,0,5600,0,4000,9000,0,0,0,0,0,0,0,0,0,0,0,0,0,0,0,0,0,0
industry,70,폐기물,"하수, 폐수 및 분뇨 처리업",155,22250,8493,41459,0,0,0,0,0,0,0,0,0,0,0,0,0,7430,0,14368,0,0,3088,14250,11973,20029,0,89849,0,200,0,1900,0,1800,0,16092,0,0,0,6170,0,0,0,0,0,0,4519,94539,306,23625,0,22042,0,0,0,0,0,25980,0,0,0,0,0,0,0,0,0,319,0,39970,4528,0,9794,45540,0,19052,0,0,0,8879,0,0,0,0,0,0,0,0,0,7369,0,0,0,0,0,12532
industry,71,폐기물,폐기물 처리업,51006,167793,31957,237693,4000,116305,3619,253654,30800,120659,4500,23000,6000,202175,3000,119221,0,19000,0,5079,0,30000,92087,342929,57072,483224,1184,307088,0,209497,4971,124069,0,192529,3400,174263,0,11000,0,108553,400,86457,23000,64999,0,25661,78147,289626,50790,258657,16371,190075,16386,87464,8340,33290,0,113192,3200,44000,0,145000,0,39648,1,135761,0,122184,0,92600,74807,197373,8875,153193,19507,265329,8967,206685,25411,123284,35960,81400,10007,63334,11400,6200,4200,78561,200,88154,0,3950,7000,9685,5258,37846
industry,72,폐기물,"해체, 선별 및 원료 재생업",0,0,0,0,0,0,0,0,0,0,0,0,0,0,0,0,0,37184,0,28350,0,0,0,0,0,0,0,0,0,0,0,0,0,0,0,0,0,0,0,12970,0,16600,0,18800,0,0,0,0,0,0,0,0,0,0,0,0,0,0,0,0,0,0,0,4119,0,0,0,0,0,9166,0,27280,0,0,0,5619,0,0,0,0,0,0,0,0,0,0,0,5264,0,12256,0,0,0,4144,0,7200
industry,73,공공·기타,수도업,0,49868,0,28732,0,0,0,0,0,40533,0,28910,0,0,0,0,0,0,0,0,0,0,0,16790,0,31336,0,76841,0,0,0,60000,0,33000,0,0,0,0,0,0,0,0,0,0,0,0,0,39170,0,44000,0,49000,0,43837,0,0,0,0,0,0,0,0,0,0,0,0,0,0,0,0,0,0,0,0,0,37615,0,55000,0,0,0,25000,0,68000,0,5000,0,0,0,0,0,0,0,0,0,0
other_subtotal,,,할당업체외 소계,3360905,3534670,8357103,8287661,3165627,2383689,4952279,4515500,4531855,4106705,1589485,1566967,2378763,1930108,1220962,1495407,1019356,945369,1675143,1231100,2256845,2253664,3239062,3959014,1202808,1539191,644684,652007,409627,346795,688901,582662,885787,786442,671029,593608,11341350,11113467,27764029,28472593,2234413,2951644,2065011,2180436,992688,1070936,2282093,1959509,1922279,1984111,2176707,2022768,1306442,1111881,3087163,2571508,2458858,1845181,697291,651622,14332541,13933193,16089242,16104582,5408350,5569097,155609,127431,1135117,825409,5874355,6786497,8015495,8367605,10952664,10731919,2961683,3546688,2318774,2881181,794432,1918558,345997,870527,161617,774738,222099,597936,87685,325629,76140,136296,360370,246729,550392,229358
